112.27061497001712,-0.7442547362679417,-0.6005083464859813,7.681874492951892,10.681874492951891,297.1301704760402
49.69989669366924,0.13762907794051965,0.6029916656831371,4.509843535480398,7.509843535480398,86.78302362314993
90.8755232757965,-1.3153811805162063,0.6517276174111807,6.232169819776891,9.23216981977689,217.39407899407794
46.531095859435126,0.19477639140891534,0.39131301988234785,-9.90045081842815,6.7530875498791145,-79.61369634137294
0.4798004766953069,-0.2621781058953123,0.32449039645664385,-3.592919685061154,0.7072717519774773,-0.01151055181435752
17.21416158551152,0.8451434147373262,-0.46582441987379375,1.12279269111319,4.12279269111319,17.871948827595656
4.2627689527321415,-0.30775738648787565,-0.2294216325514763,-4.419775770153113,2.4515873749574033,-1.297277686342884
21.38298272914632,-0.8424882306584622,-1.0972037553262939,-7.7448035729003895,4.527058245104506,-25.01756184100415
22.56256766922151,0.47448840377737816,-1.2040228869163891,1.561018153433496,4.561018153433496,26.95894127287406
342.90596485899215,0.26277800957598674,0.8808580436112254,15.611456575917353,18.61145657591735,1586.886587785009
26.08846059830997,0.34901664686061495,-0.8729061981518279,1.9295548956711945,4.9295548956711945,33.494349162617596
192.97852159943966,0.608694930787041,-0.8886968275099411,10.88530163995043,13.88530163995043,670.226342408023
25.33533865525239,0.74395511238844,-0.6658885539790691,2.1710261959602657,5.171026195960265,31.74567856125742
560.5595336799487,-1.0982549530879946,-1.4057934905307254,20.249251271475785,23.249251271475785,3321.407837646789
4.106111085175227,-1.0940516743203372,-0.7513327507478096,-5.3135695183124705,1.8515754374415103,-2.48908254442886
76.2804309562565,1.1896828439639289,0.41072504581568725,-11.468249940215767,8.970695896948815,-165.48243201775156
10.506924213513136,-1.276937390402102,0.6800831803158027,-6.563747061602048,3.004785497650157,-9.135837333244776
0.7765516614803569,-0.4622802235994874,-0.2504273429862769,-3.9258147952529545,0.8687273545335262,-0.20914092002352033
1.6097317188088087,0.854282880611172,-0.33185136741265153,-1.5467583345626028,1.4532416654373972,0.6836943154652081
134.1464112741006,-0.6926567854665541,-0.5937477808298129,8.367396946319015,11.367396946319015,389.1770775270676
135.09465417212775,-0.1434196069551601,-0.019468275571605798,8.926402579410716,11.926402579410716,391.4880917653928
241.5677737103708,1.3231225212184965,1.2656541394827459,12.858921349322147,15.858921349322147,937.0605863675164
0.2625494462902702,-0.3698631311782111,0.30711414140857773,-3.6670977543372945,0.5051335414758975,-0.13131941108055076
37.803879647770955,-0.07903006276321158,0.9522311463746996,-9.16170752199995,6.137252914029763,-58.149577709524564
36.2757794639996,0.29285375852722073,1.0109780350928164,3.1665652589048934,6.166565258904893,54.42491838520755
0.7748757557994914,0.8367954921307036,1.5689359751708802,-2.0308017460103818,0.9691982539896182,0.7097610447246722
208.09359525516328,0.7400295246173927,-0.8979479148543323,11.365640071162513,14.365640071162513,750.7341422212094
7.798190753136569,-0.6187316063893089,1.0358476083931434,-5.36743163427212,3.087217043203266,-4.7117701222658015
607.2179292025464,-0.2851693528095134,0.5143094360928067,21.60008437848284,24.60008437848284,3741.0853542249956
180.12031297369077,-1.0858818020636496,-0.8466572049912637,-17.105819781303307,12.78512016377521,-608.3305930730744
42.15890852484081,0.1861403975886607,1.2100958830672244,3.7514845692356857,6.751484569235686,68.03355979421883
1.9581111860998361,0.6443959931269447,-0.9411424143913762,-1.600349890064193,1.399650109935807,0.6852488568554782
1.0167542223357193,0.02827341123305427,0.41933974366209575,-3.3715095731337352,1.1883840148651523,0.28982349710773614
10.874202984222794,0.6211938365070896,0.5381645914910671,-0.01947418578000404,2.980525814219996,9.056942138873913
40.844636229949224,0.4958655011469233,1.5202249169430222,3.878456460030171,6.878456460030171,64.52462968431152
256.2572421307499,1.1984223433691568,1.0417366875997893,13.210675720815406,16.210675720815406,1024.49759806592
125.7689417374098,0.8820757305344866,-0.6626913448996985,-13.951288753303151,11.455567549132079,-351.3024797973653
107.52897138520257,-1.0323187978923658,-0.47003297689992013,7.233103831559758,10.233103831559758,279.1730724627212
62.869982753291254,-1.2224142328808294,-1.4570321765304262,4.480115510491837,7.480115510491837,125.57311803394498
58.966118061384556,-0.26915673311813865,-0.5577045586619287,5.019472648225967,8.019472648225968,112.51622160177321
460.57836319722855,-0.42058346344202047,1.0093672985546212,18.991264249386358,21.991264249386358,2467.3038754956806
37.6953211346978,0.3712972160126685,1.2326060076998318,3.404044708524718,6.404044708524718,57.485371781159685
73.31022193465044,-1.3634578228474725,-0.5515109186998882,5.138715424519363,8.138715424519363,157.91935337473132
602.3071685401549,-0.12224311371894611,0.543555424372887,21.709010711988032,24.709010711988032,3694.048816885915
30.767719651134335,-0.7257082496654019,-0.21585266271948192,-8.963051251629583,5.19931215401883,-43.844748872103885
195.00772881542494,0.7459458241193724,-0.8345681248305871,11.064659413268629,14.064659413268629,680.3572164861027
116.53121528554172,1.087478359779546,-0.6004239303128633,-13.472046523577216,11.089270974221439,-312.9304433999304
57.616719133947015,-0.814456625079734,-1.0785068535885414,4.40270672681887,7.40270672681887,109.70771825655837
1.0101736368739742,0.7870626683141464,0.4291652129434828,-1.8156340238023785,1.1843659761976215,0.5255547390604732
24.20761668856512,0.2656951019296215,-1.2344170027872987,1.6051944568741543,4.6051944568741545,30.0745646123363
119.14283089506465,-0.564685846230798,-0.8115465389811019,8.08025360243028,11.08025360243028,324.58402338329887
105.96963593712717,0.9487064574017399,-0.12193088138956656,-13.250866558828605,10.333433522105757,-272.5163407712061
12.077879683959921,0.6926121724998757,0.4415929834172127,0.22693353143220368,3.226933531432204,10.583788934811638
7.378295154509448,0.9885753365685694,0.6677263486660704,-0.2744629306679901,2.72553706933201,5.010212721972591
16.561990758445837,0.5586653322071953,-0.6835596536534723,0.7830756118648927,3.7830756118648927,17.02456123813241
0.057923703462653756,-0.1084231570582811,0.9029049362921489,-3.222991717392806,0.234287145221292,0.002659625783902509
2.633424910880156,0.5070773999651386,-1.211698996486091,-1.5469054878305923,1.4530945121694077,0.9766534810420024
92.96927019186775,-1.062385669441715,0.8355684984136376,6.577132376015281,9.577132376015282,224.2829200918086
201.03226808189294,-0.778160524102951,-1.052118483764229,-17.23643654964173,14.124674099074177,-712.9412878060767
5.6871269852762545,0.8507890249540542,0.009532123829140149,-0.6797652521495241,2.320234747850476,3.382259432728429
100.34857889179888,-0.7164697304064807,0.6399968311306574,7.247036191414676,10.247036191414676,250.64262124179444
105.16883686249473,-0.8258751175209077,0.008894296509958252,7.340837190779659,10.34083719077966,269.3753330089844
1.2720608771164241,0.8020293749743477,-0.01784821591387259,-1.6959174773118209,1.3040825226881791,0.563175686382454
123.96409615873459,-0.7523629877700537,-1.0570102661045448,8.040821247023255,11.040821247023255,345.3610469172764
31.52718802065511,-0.6542617080915917,-0.050137434563799765,-8.985791041257148,5.304526946803577,-45.31535981631297
-0.3923431724295706,-0.4200687927024568,-0.22613272267519047,-3.144344659743898,-0.1443446597438981,-0.6486713292993048
50.34600978199325,0.8322840195284944,0.46193170065312356,-9.61165988237232,7.515490498894545,-87.65575666268263
5.126215202797305,-1.0644334481377196,-0.26935070222542595,-5.449662570446683,2.1452915038041462,-3.183936654315845
1.5510697045410156,0.46410420943074415,-0.9993651336569754,-1.8404941309352192,1.1595058690647808,0.4090180938075799
68.63809580745207,0.9167090375228484,-0.5820793970621592,-11.204180916723322,8.356260618064509,-141.85120004647084
134.0666369927284,-0.5087821402447034,-0.42621287367522076,8.544789414240805,11.544789414240805,388.19834546174843
442.08766352327143,-0.7980665369172999,-0.2686831297304389,18.111033604176797,21.111033604176797,2323.220129841234
0.7631867650106267,-0.2104977578765156,-1.5938861316319564,-2.5466511550553026,0.4533488449446973,-0.30867233841501585
9.2723326607692,-1.5508245599850579,0.449059079408899,-6.685024134329709,2.5833613246560505,-8.247753753596363
0.2657637335407332,-0.20417710668064742,0.605579144924619,-3.447127959229952,0.515412937435068,0.0062743740640342945
1.785001387522367,1.050989180632337,-0.1123155319857575,-1.3567800047986913,1.6432199952013087,0.8741308039721636
9.499083777210581,0.8754322150508231,0.8725197620614624,-0.022203748200304074,2.977796251799696,7.339026063639429
2.678070057454362,-0.6457263454084224,-0.9202739081846323,-4.536885756784157,1.6892026541407819,-0.9730911622371224
93.50246912564634,1.4288946470288537,1.337794549971392,-12.212075503239934,10.082213804729072,-224.02359838128322
17.55078172669264,1.0176531234624933,-0.3227812984082691,1.319132396751625,4.319132396751625,18.297981111366102
255.7449691338441,0.6799444464523907,0.5230585713898079,12.692405414899092,15.692405414899092,1024.016282533849
-0.04298988788854427,-0.09052258980966116,0.9370009829415819,-3.1313984205597785,0.03205941309167643,-0.049805983176017234
214.90463850236404,0.4782109762759018,-0.8695931506635501,11.282106139951093,14.282106139951093,789.3641592966223
35.98717901116299,-0.28416191661506895,0.7071305512118478,-9.159949122840649,5.862666303256161,-54.454525413247325
107.99546896921568,-0.5769364596431605,-0.015798251653400208,7.688903648296815,10.688903648296815,279.672066322647
382.0668365690607,0.6047385140414998,0.45580126838139845,-22.273244483914965,19.806180714207606,-1864.8008993361514
133.73191478242,0.24576004896541292,-0.6320808605783623,-14.804427201944181,11.343975808140291,-387.85642768551384
38.657396461892226,0.4073222620988397,1.437626492696028,-8.721879613521343,6.639149699434086,-58.563366159300756
3.2965630999015323,-0.9462645217338868,-0.988324178893855,-5.00143492614334,1.7094028023482164,-1.7428726415129263
5.833446444520197,-0.3461016817081589,0.44391229121108733,-4.7294915993990525,2.860835061510576,-2.45692910780441
0.4565514833521294,0.3093268312852497,0.1360749485346315,-2.3335011792078206,0.6664988207921794,0.052165584604304996
76.96141866215244,-1.079507280763594,0.14699621130759316,5.649238367900461,8.64923836790046,169.09124647986397
98.5573825640515,0.8019636359971256,0.355828722694134,-13.101494326727586,9.770388855273897,-245.39188244341256
123.36117688891905,-0.30343336745664506,-0.6127061970691845,8.459616298673975,11.459616298673975,341.36903149207404
18.67160856891407,1.1036239481392192,-0.40038360590100885,1.554503026613401,4.554503026613401,20.007977058262565
85.47987073814589,-1.0016398753478897,0.9310015243861255,6.240197795005093,9.240197795005093,197.59064401425795
40.312380100907674,0.26946032464264796,1.2872829184949828,3.617235308816959,6.617235308816959,63.58728228767027
377.34454775231893,-0.7820137357001379,-0.10824323011758696,15.946008799876758,18.946008799876758,1835.6064737981194
94.54217725414658,0.8035197220310634,0.6315583285289925,-12.917416857515978,9.548124338520111,-230.67325694380887
19.669929242014927,0.9087363532573802,-0.7300654226265273,1.5300523912159663,4.530052391215966,21.738670259451926
0.21968421627812668,0.12555301690313392,0.10038303089190176,-2.549602913930219,0.4503970860697808,-0.12328906667189576
0.7061992446968772,-0.24872792461501975,0.16802339942050848,-3.6395347421423536,0.8869125554193674,0.012542490222136313
18.187183219009444,-0.9594248242523331,-0.7628479574134737,-7.394931818495944,4.161660678310727,-19.693925384310056
5.564845651026404,1.078200606327771,0.0975764296040709,-0.5148106927552786,2.4851893072447213,3.3013983577239507
2.578238245561967,0.6535609618541076,-1.0669931834761575,-1.4451779757822394,1.5548220242177606,1.0059804335092428
34.42676834085907,0.5087595279222846,0.9265844173953754,3.1329114508020046,6.132911450802005,50.152133061465356
11.006404595095727,-1.0174085258714776,0.9150211658431726,-6.342238019645724,3.2993959979558647,-9.176768721419096
2.2448395416372455,-1.1152457770197062,-1.3843817622569914,-5.013041288287702,1.2333128325670097,-1.4590119077778394
57.52713062099167,0.6754132645805636,-0.7820171723459702,-10.508432021131929,7.651464345135226,-108.80612894530954
25.875972268074158,-0.4946300972423022,-0.6705228637411171,-8.008419772133543,5.151220372639531,-32.69924536011724
4.527093030403779,0.7987090993898872,-0.4873757730867952,-0.9336076505316507,2.0663923494683494,2.3921767322524583
109.11959368694417,1.2116145973106631,-0.09028982386266499,-13.09469184609949,10.76525193544246,-283.3190533167579
0.6475511353952635,0.2197426379846046,-0.5326717926667929,-2.2942677414046884,0.7057322585953117,-0.02593456813743636
15.834938390458705,-0.5572218806956399,0.35321537031947464,-6.5676433250066575,4.298603167273007,-14.845341756591564
1.0876173699452232,0.47382320999828637,1.1661856982354841,-2.8174975658148416,1.3320279034551223,0.7097966351923058
13.858610992055105,0.6508751029263266,0.0209606118066053,0.4617092221868391,3.461709222186839,13.019494281111754
43.35344760797852,-0.8236739313274436,0.11505258633780013,2.9840388442071584,5.984038844207158,72.32346966883537
26.268223622749957,-0.5610133876481161,-0.690391805270555,-8.141107018068084,5.112217937840377,-33.700036712882884
1.321626036097146,0.45964033331434123,0.9492465688245124,-2.9056579061629764,1.5252134950099627,0.7182291680795577
284.05828729922905,1.315490684003724,-0.16765984320948762,14.311494073571852,17.31149407357185,1194.374599365274
37.069624031441435,0.16011686008607817,0.9817672340672489,3.1439650463979842,6.143965046397985,56.346933144872864
112.31115604195436,0.9075860971658575,-0.6210378291935835,-13.520497939424187,10.667936343451975,-297.19322511817893
1.370960758201939,-0.5864658989094322,-0.7429824948358875,-4.2119286781789915,1.1543092435258486,-0.4428334649363688
298.94891935212274,0.4740225236591846,-1.2260717897312792,14.06997929001883,17.06997929001883,1293.460658904352
205.42754598410082,0.6665281438037454,-1.0290116140075358,11.229065960329038,14.229065960329038,736.5551343464316
34.1977868123886,-0.49589013858534836,0.3895354379817943,-9.16495306562857,5.580672047015717,-50.93036006967861
4.158558424816328,0.6355330498792826,-0.7295288346083917,-1.1356098481915378,1.8643901518084622,2.068244927875037
399.6382118340884,-0.9024334532304739,-1.025260971341613,16.64146909789308,19.64146909789308,1999.6164967932111
116.32807198857718,-1.2352825980035322,-1.3945404265770107,7.342305876469473,10.342305876469473,315.08243583142956
848.5493006612104,1.3578362644724713,0.3217345187065029,26.568566579053485,29.568566579053485,6175.103713481085
21.159168705475487,0.8125210176241149,-0.9071249275397902,1.657352859821542,4.657352859821542,24.285923314931647
89.00132815307173,0.8677752784473842,0.8672785580091,-12.57324661685323,9.308863408989092,-210.51080748422407
-0.1484983347114341,-0.13945879925301066,0.8504431074916954,-3.1300661073221323,-0.13006610732213214,-0.14884955775773218
55.537499674775745,-0.5282424053723009,-0.6691734754175851,4.4737730583994475,7.4737730583994475,103.42999416459779
3.850965320720408,1.0256452072523992,-0.5710065977553863,-0.8819712411047085,2.1180287588952913,1.9468204850334652
494.52802850011744,-0.7999111218577531,1.0774186388284273,19.426398898465635,22.426398898465635,2747.91240352748
119.84636589076237,1.1026144313624504,-0.6186725484250661,-13.55755180851179,11.30323712794219,-326.10034169634145
39.93048131081734,0.5298676072544414,1.526818019566667,3.804117071681369,6.804117071681369,62.3632229869452
54.85508941360863,0.45807662885510614,-0.7101346417596374,-10.488264061283147,7.334928217759888,-101.85966807275237
22.336462324989895,-0.2993132315762194,-0.5795353396181431,-7.263078223680298,5.10023023427273,-25.234415289408883
31.629487159120863,0.16679603536248994,0.1250399960115452,2.486850281625067,5.486850281625067,44.6384485818464
13.594760834205253,-1.1679492423585738,0.2020038549462629,-6.924128758707856,3.5065033867277657,-13.029972326120935
1.2382856259902881,0.17928303920430372,-1.2656965068628332,-2.132989802681572,0.8670101973184277,0.11324155748239556
54.61747443319645,-0.5764966825182192,-0.6547073275765446,4.344366201787459,7.344366201787459,100.99817019917128
78.67121504243806,0.41401806503158933,-0.05262145928583295,-12.452584089683779,8.34888384578571,-176.83770690612985
134.41042305472936,0.39169792241110674,-0.4344926002716912,-14.671096271387631,11.522416853094063,-389.9711034849928
0.44324291347570827,0.47491008374829585,1.4266431408184708,-2.4878654925808967,0.5121345074191035,0.4378059296421724
119.22309829724128,-0.5071483403644561,-0.7547358277435925,8.138491997994072,11.138491997994072,324.7356408712162
338.34079345057063,0.14108869130159285,0.532921713550604,15.312717403360924,18.312717403360924,1556.35679193846
165.96140058557393,-0.2978431732905141,0.6624628800201896,-16.025693304735572,12.75019838090653,-535.3069536056013
64.69299500482693,1.0888510399178284,-0.6188282320542922,-10.698408404880983,8.347576859656577,-128.78223712717332
69.60583507248556,-0.011419579140698133,0.19395386867847897,6.125639546238708,9.125639546238707,143.41590130836377
260.2221774782804,-1.111358817673774,0.5219453635852669,-19.26968702910068,16.001433451423033,-1050.3828346473508
77.96057658261057,-0.932649973479192,0.3919494128279576,5.85140818966281,8.851408189662811,172.03519158002217
26.104392793556226,0.7859731061853079,-0.5086559009218908,2.310428825078847,5.310428825078847,33.14003965472949
7.048936466335033,-1.186771820333048,0.4145789684937422,-5.906196556343827,2.482898222317345,-5.102647182850678
15.141618602555063,0.2745634369818051,-0.7315333373007171,0.3323119017899351,3.332311901789935,15.03371439502231
35.451962814947656,-0.26409429158537345,0.42048093940073145,2.5776836839492248,5.577683683949225,53.280804537796705
468.2704388856581,-0.9572141361597359,0.7892893747334624,18.666244364240438,21.666244364240438,2533.096883106215
340.5748809968304,0.1441222134328687,1.035476133879408,-21.100460701577276,18.790189422082925,-1568.5684488031313
411.8819031863853,-0.5133985561819144,-0.8202288177253514,17.437887934030144,20.437887934030144,2088.8036241430696
222.7582101128131,0.5226126324887865,-0.3721955437806416,11.53431507920658,14.53431507920658,833.0309966583201
358.0346525471436,-0.09709852417936041,0.9289278070172432,15.863206126373084,18.863206126373083,1694.032250640746
2.9993093742730785,-0.5829364500563277,-0.8113517125433407,-4.521034375529486,1.8471889474257701,-1.0310555977031255
65.18936443751812,1.5885727386201576,-0.11917910161830125,-10.198404750589875,8.84715410655623,-128.27215426279488
18.70668521835553,1.3576017377758673,-0.11520462312212953,1.7770024596636036,4.777002459663604,19.914814856212224
43.62753758702564,0.2681847006988218,1.2487823595779524,3.9867494598768154,6.986749459876815,71.43372090013284
63.255964004633306,-1.296023872870736,-1.5079242306469103,4.4441076003559665,7.4441076003559665,126.85504225858112
140.12822574693126,0.13516565435769484,-0.08578842624118002,-15.063673800254811,11.629798984850655,-415.8749753733885
308.3553078931631,0.38834248357055623,-1.0497011632937716,14.355770372687424,17.355770372687424,1354.8581161345571
3.9661399077953825,0.7778216851018088,-0.7072960459036882,-1.0578272586326471,1.9421727413673529,1.9582038848839451
62.76398278831533,1.1784538539060683,-0.5393533847029551,-10.435909653285856,8.35097718634003,-122.49557374420917
110.47146899084629,0.8558524164126882,-0.5656398968244853,-13.510925043071738,10.510191552952,-290.280534192718
112.63924067671678,-1.2909500568861374,-1.2199051170829212,7.166643241590611,10.166643241590611,300.26292527436226
11.999191449887226,-0.7289275339451988,1.103393778413374,-6.165137818565302,3.68707951629051,-9.793133986475212
115.27086010410446,1.31214949989594,-0.3316373923103275,-13.200161508484218,11.224915669763234,-306.82629237390256
103.41441205903459,-1.1164854770246702,-0.12326595507057288,6.991806974844635,9.991806974844634,263.4381954668457
290.71699079363094,0.8517269264638208,-0.8277090398391231,14.116479251646298,17.1164792516463,1238.845027985526
14.643960638205755,-0.7301162715828291,0.4708893667100784,-6.581907242983743,4.0148055895329975,-13.48375851259096
9.774880607233102,1.1144001216684674,1.112298766045405,0.2226490692665981,3.222649069266598,7.620887483768288
335.44083077568183,0.4299683397733193,0.6368496989563196,15.474300857065069,18.474300857065067,1534.942742339124
198.40983382135684,0.8281327931921425,-0.8524124173474179,11.222025403244036,14.222025403244036,698.0857666722239
-0.06864807011596907,-0.07803370021462706,0.9303675215831009,-3.0870914179771405,-0.050861042315103966,-0.06897771631626835
175.46091765906704,0.4230833586224593,0.30769334974564566,10.334036968190274,13.334036968190274,580.6838880758681
210.03544326978022,-0.8044361331704043,-0.7421580220925341,-17.475658249291598,14.508410955475911,-760.8845198761559
57.707240349737525,0.7234949373803398,-0.7466692224655543,-10.472844854082329,7.704928194618763,-109.14722622468668
16.02576603373786,0.8494217722785289,-0.22377879905933984,0.9527237216550544,3.9527237216550546,16.067659863134597
108.61243620625102,0.699952403055335,-0.6022869292191798,-13.60651610073395,10.253854646989884,-283.8480821534553
5.654193630447324,1.2869685362370462,0.25799054752496714,-0.3276081269689112,2.672391873031089,3.4073886901289177
1.1399519475052693,0.568582441735031,-0.3979360325972252,-1.8929090413444158,1.1070909586555842,0.3498980032112209
85.9588496149288,-0.5910552930816586,1.344308215650481,6.654634591076926,9.654634591076926,198.23800930249968
29.809544051196934,0.4485774469327394,-0.03789362675554656,2.502025997255269,5.502025997255269,40.639985749240644
30.613456139893785,-0.1987241613863888,0.21364262150707375,-8.342085837566437,5.692122400196481,-41.807989439155534
0.7621768454189648,0.6197357040433916,0.45909458465023156,-2.0258330825729534,0.9741669174270468,0.36311716027161484
214.51071487972575,0.6253166422070026,-0.750179274969369,11.415245533018032,14.415245533018032,786.5153416216477
0.4901269125777148,0.02576956932549762,0.8399757759393988,-3.2151932056297716,0.7396163689400752,0.235009614135637
139.4821546582313,-0.023142164076873084,-0.2936915560339577,-15.211213873034275,11.44184829224374,-413.91955791954524
46.0881058622001,0.30792300676516243,0.5981718469651675,-9.72447979513423,6.844334248202905,-78.00854735607214
362.06689673509334,0.13695770565442655,1.1641522500869061,16.24535824942613,19.24535824942613,1720.9882475613706
38.81463610274551,0.32214614878923764,1.3497631263016299,-8.83764776220196,6.564185525068474,-59.24516186185794
7.412439417653876,1.1699538878435536,0.8091704786189621,-0.11786575056894555,2.8821342494310542,5.042460011075194
173.17177162567594,-0.0020206225982317694,0.05429897963935576,9.87117352004938,12.87117352004938,570.8922144645758
19.90244885388765,-0.8039122187901588,-0.8922893993709811,-7.477113795298964,4.448522234535419,-22.235497468462494
206.34018633948088,0.5307324601864396,-1.145216043949237,11.11863371553601,14.11863371553601,742.1138421925235
25.812591329077513,0.3873437128602142,-0.8892248217837011,1.9260511568529595,4.926051156852959,32.9416191716156
177.4238633618451,0.37935809106822627,0.07582637549223784,10.33119450558477,13.33119450558477,590.7776639181634
3.901713453466407,0.911567740117304,-0.6374016473051582,-0.9630856476353906,2.0369143523646094,1.948501828078269
70.03849970748047,0.6555652885425176,-0.7045983961977877,-11.59296828884714,8.17007964739709,-147.41184172863538
470.25662331545266,-1.0388662193779767,0.7696835615614359,18.63612384167446,21.63612384167446,2549.785633157469
191.98586837953385,-0.41257552865389746,-0.6529244792115289,-16.663441139123087,14.034942753957509,-663.8834100988928
170.4271749198076,0.39093513349368575,1.2196337880722874,-15.409815808701381,13.652112483902528,-552.5629127170835
0.7184694211608521,0.3746875781435907,-0.23065127464311655,-2.173216286117607,0.8267837138823931,0.11866444991891148
11.573819483325769,-0.4087035501633268,1.5283232098095323,-5.726993396583966,3.9021121551592355,-8.516075351784119
815.9543610236519,0.7773462673376317,0.6198835728940706,25.356775291525004,28.356775291525004,5828.974290320494
183.33403300986262,0.2343557144438658,-0.6214038029175067,10.311487631708502,13.311487631708502,621.5580719504392
126.78271566520259,-0.2340656761079678,-0.4997258172821262,8.623307264820813,11.623307264820813,355.6617704476208
122.33779479352835,-0.3085354979723796,-0.6139643401844022,8.42485149449795,11.42485149449795,337.08410149965295
15.578444695142613,-0.6439400054564743,0.3150735940359083,-6.62796094615011,4.193922218184526,-14.67193596582761
100.74418879530357,-0.18489244628900914,1.1850690783131177,7.772741807823741,10.77274180782374,250.66154348049554
12.505752555454709,1.376661774656367,1.1697822921460967,0.8716213295854662,3.8716213295854662,10.932730014322818
3.6076247023976915,1.5099736744829433,-0.21017198977020246,-0.5502958593484537,2.449704140651546,1.962490696913861
31.123534874064717,0.30735358008353353,0.13172098515186248,2.5460142860974715,5.5460142860974715,43.447766779854774
9.256345550660537,-0.8746531371609579,1.095115937911336,-5.898488633142721,3.145610793697663,-6.7763710925849105
2.4082440461515455,-0.5831174846710966,-0.8894030878001397,-4.412703957676966,1.622614123381087,-0.7689467466734877
43.438977404203115,-0.5343371699647824,0.4158627288731049,3.251242361644322,6.251242361644322,72.11723953482874
68.1302250136547,0.6902604568070153,-0.8294596519177678,-11.408618281982895,8.11723043305942,-141.18538233093733
44.749098209936314,0.6123714065926588,1.158856831588014,-9.231251886360301,7.083824096155002,-73.34391526227051
462.9809345546488,-1.4293725442571412,0.14402580726739894,18.071474520280223,21.071474520280223,2493.714353421492
4.007843934130616,0.8811659624091475,-0.6244899696801635,-0.9665457134310859,2.0334542865689142,2.0164416400817653
2.505455334696929,-1.0889710144040645,-1.3147935786775249,-5.02926337737423,1.3455366007144411,-1.5430047838401924
6.766282487363558,-1.175901013832146,0.3317285295117641,-5.847812905912046,2.4336185848472396,-4.810775519209606
0.742295219933803,0.35970599844376705,-0.31580867741195084,-2.1721940603904315,0.8278059396095687,0.10788962923110541
72.23497382941031,0.7497563523137071,-0.4071720131279438,-11.654713498805764,8.360800629657634,-154.09892606610887
590.3454831727439,0.9169409314391332,0.3851993562075453,-26.780223169400834,24.792983559320874,-3580.790705507999
39.6985361152769,0.24020104855459856,1.2410277914598615,-9.040487404989562,6.522554071060927,-61.72224716629857
1080.4593232834882,-0.24549549377384222,-0.5531103252866516,30.28091673621587,33.28091673621587,8874.044945807293
6.258542552075175,-1.1895703691563975,0.14080025925394143,-5.781215583172748,2.314605324710923,-4.3684667723803745
18.925367244616748,0.5029816499496733,-1.1038086560337483,1.0760985617942422,4.076098561794242,20.780480453139514
3.9774984736189967,0.9066502414688798,-0.617097031481653,-0.9520403051332064,2.0479596948667935,2.001449274622358
5.740488000463431,-1.2463611064256421,-0.10077430888599093,-5.762686941981118,2.1544660702180924,-4.019387361982536
20.501364902724024,-0.4494095219902955,-0.5721904182592786,-7.159638729425268,4.822546128039413,-22.314780174160298
1.1717361722846285,-0.930403211753897,-1.1336292036973614,-4.585975475195653,0.8825756041343209,-0.8217849165603781
144.31251393400493,-0.2448041749216973,0.47438501488057805,9.040746630247396,12.040746630247396,433.30566221113605
113.71756433346505,1.2479375905796093,-0.33449862870474983,-13.215759890945064,11.071754481403426,-301.0286635252188
103.75125609513745,-1.0859058700573685,-0.1258118298482243,7.034740207665699,10.034740207665699,264.6465810034925
35.52662492787034,-0.13809570956996836,0.8199597046026033,-8.934882573239227,5.982006758346697,-52.86219675004742
32.567009585442044,0.47390894016710894,0.558493857358186,2.872800341292215,5.872800341292216,46.25599265445803
185.82641802052115,-0.3080712144232587,-0.32228613065285894,-16.427901813362105,13.821297809557004,-632.0859641066036
0.008423670047240914,0.06966299484674152,0.7797365987098165,-2.7906469022571962,0.2093530977428039,-0.06372893786452956
51.07338375804938,-0.04546174715526563,-0.6999820723744341,-10.658990167484257,6.701006437402559,-93.01548423021904
121.2130579548228,-0.9990479197276458,-1.3002939467005115,7.721539779661801,10.721539779661802,334.5743714407389
302.2915141280775,1.042467970432624,-0.6106805251293423,14.746390293766273,17.746390293766275,1311.9058217067834
29.495677564960182,-0.1608433713888059,0.08230314466115587,-8.143161882551725,5.6701931781432515,-39.24870260245735
3.1925678511912983,0.49335752750301337,-1.1358043339281025,-1.4398311266867327,1.5601688733132673,1.3282294732015085
111.38765095163363,-0.4413050702438485,-0.19573459406609178,7.9432851446818376,10.943285144681838,292.6901491673022
6.352377473710987,-0.8550708480857113,0.380979053973967,-5.407468435421865,2.595812637169306,-3.8197729604144133
666.6998861037082,0.2716355321885511,0.12533969930069455,22.75568849079211,25.75568849079211,4304.210631324761
1.513186278601893,0.5677087150564943,-0.7935214130047306,-1.7765050299974796,1.2234949700025204,0.4593560475024625
586.3762065260509,0.07501390416551618,-0.6111069734042796,-27.587183580397163,23.8582768828829,-3553.47963336924
33.158860157088974,-0.06647475236028913,0.6685997925239936,-8.53948425523299,5.94223748695017,-47.09970530201498
93.99004365846405,1.0324758835459729,0.9012646358522807,-12.651273150778785,9.734144854181803,-227.6126933130729
78.5034531388441,-0.9192411876347133,0.46414023331306914,5.89877111725143,8.89877111725143,173.79453372077165
3.328578711066291,-0.1736135446172694,-0.4181606803213266,-4.097250729405308,2.2274825296392766,-0.583356189595016
0.9183613284749732,0.7093508840701014,0.3837809420343689,-1.9003891833948205,1.0996108166051795,0.44810881904372746
537.2600383997388,-1.2381645215259869,-1.1446617646948742,19.77588186844198,22.77588186844198,3116.439049592379
417.67296240934894,-0.2586006723487573,-0.5494271567115544,17.876532445509834,20.876532445509834,2130.9994661871865
130.31590600420878,-0.44738461158865417,-0.5752486470690444,8.509864685755517,11.509864685755517,371.5851791824634
69.51645415548609,-0.6856754692502154,-0.4163487657399426,5.495181751118127,8.495181751118126,144.5449411404172
297.56088279224923,0.5898782548293734,-1.1248001662087337,14.127541587443929,17.12754158744393,1283.9173232974176
0.6058673075759974,0.2531247218249717,-0.36878005814986536,-2.2910255862091877,0.7089744137908124,-0.002019680919959327
40.33659530273974,0.25136697636421057,1.2213168369626044,-9.106937718488282,6.559595568520245,-63.280924103011124
389.57826022791096,0.27048505017856916,-0.37309015972717374,-22.902806822656,19.58082280960731,-1923.7010280539862
209.32556561060576,0.9755881533604314,-0.6324332846641878,11.625759320767099,14.625759320767099,756.4125771488478
347.23070113683843,0.13938042770353853,0.9393565057019092,15.66473803605141,18.66473803605141,1617.3969343267527
41.68064935781888,0.334174191182114,1.211435593439893,-9.17824508385818,6.693870031246232,-66.39212812213698
11.573398511389149,-1.0422479292179516,0.8086604274298766,-6.4606928190215696,3.3582818785742012,-9.959690522747302
42.05433519693083,-0.11847182883041849,0.9015427563269198,3.469137269790442,6.469137269790442,68.20437779696093
206.89184752139363,0.9970366226644232,-0.6770918798751016,11.587011338447802,14.587011338447802,743.0443446836196
148.39133220828887,-0.08747539464771399,0.8180112083699309,9.283110933609315,12.283110933609315,451.5332646642544
0.6064222499662008,0.44817066367691194,0.2463341320543631,-2.1884487245309314,0.8115512754690685,0.18989411346799934
1.7029185245796923,0.8752036570807016,-0.383094709079744,-1.5036642505515623,1.4963357494484377,0.7269199369459641
182.82538160686025,0.6668546034202802,-0.10705005740821336,10.724291079136593,13.724291079136593,617.1511890825942
43.16410595347107,0.5112277777827221,1.5185238852692966,4.152049899975251,7.152049899975251,69.9795575579993
9.300369700430972,1.2193838580077583,1.1886195552980792,0.23457134994629503,3.234571349946295,7.060429516698039
396.93360498786154,-0.482194594503775,-0.5149588902693599,16.951365611625885,19.951365611625885,1976.8591672232749
62.1334400186928,0.32402154168843583,-1.3960839688674664,-11.309827798254563,7.5060299338918846,-124.03315194200405
42.30165321371048,-0.4589827986237014,0.5448422517525526,3.193740882934517,6.193740882934517,69.26733531654223
334.59788840790566,0.8878836520900057,1.0149414807065666,15.880248961331551,18.880248961331553,1526.5757906826173
13.609922799549956,-1.230286629501208,0.11869735647569313,-6.998600400386521,3.453268789310271,-13.204070092974579
73.75989117745881,-0.8824603566381907,-0.07446593250308099,5.61754371754348,8.61754371754348,158.30027830602313
112.55826708148709,-0.7972344998182117,-0.6811710522135447,7.640663927635645,10.640663927635645,298.44458076478816
296.6944456713172,-0.5518713245169939,-0.817236891985456,-20.043917694984568,17.395515899039015,-1276.3159806370745
27.627251601129593,-0.5925712272630544,-0.5524869633188342,-8.371924183579516,5.1604954731463195,-36.617618827457726
25.241555967638952,1.4428489139811704,-0.0753978004795719,2.7629642072540506,5.762964207254051,30.990626691844785
4.021112148081748,-1.1069052697006991,-0.7960537230800228,-5.314205000188978,1.818169556785883,-2.4532231784907843
0.03186409437057289,0.06971771926042386,0.5627239762981102,-2.727620896157292,0.27237910384270825,-0.11391484340274005
3.545655278884265,1.0050865540381464,-0.6592742997497495,-0.9607458132598823,2.0392541867401177,1.7342906144535826
3.2233807150554785,-0.43035637072645444,-0.6430471114747138,-4.38131275985364,2.025361031072627,-0.9134727915567711
163.04875447798048,0.14575151314361295,0.9658245503166971,9.812742678817166,12.812742678817166,520.3223725676462
124.55188376606006,-0.8243362132596167,-1.1217549820620645,7.987494382649482,10.987494382649482,348.0849450698431
